Type,Name,Trop,NTemp,NPol,STemp,SPol,
species,Spirobranchus polycerus,TRUE,FALSE,FALSE,FALSE,FALSE,
species,Ochthebius quadricollis,FALSE,TRUE,FALSE,FALSE,FALSE,
species,Alpheus buckupi,TRUE,FALSE,FALSE,FALSE,FALSE,
species,Alpheus soror,FALSE,FALSE,FALSE,FALSE,FALSE,
species,Alpheus wonkimi,FALSE,FALSE,FALSE,FALSE,FALSE,
species,Ampelisca eschrichti,TRUE,TRUE,TRUE,TRUE,TRUE,
species,Hemimysis margalefi,FALSE,FALSE,FALSE,FALSE,FALSE,
species,Leptochelia Africana,FALSE,FALSE,FALSE,FALSE,FALSE,
species,Auritoglyptes bicornis,FALSE,FALSE,FALSE,FALSE,FALSE,
species,Balanodytes habei,FALSE,FALSE,FALSE,FALSE,FALSE,
species,Savignium dentatum,FALSE,FALSE,FALSE,FALSE,FALSE,
species,Savignium milleporum,FALSE,FALSE,FALSE,FALSE,FALSE,
species,Abudefduf declivifron,TRUE,TRUE,FALSE,FALSE,FALSE,
species,Albula gilberti,FALSE,TRUE,FALSE,FALSE,FALSE,
species,Atherina lagunae,FALSE,FALSE,FALSE,FALSE,FALSE,
species,Dascyllus abudafur,TRUE,TRUE,FALSE,TRUE,FALSE,
species,Ditrema jordani,FALSE,TRUE,FALSE,FALSE,FALSE,
species,Rypticus saponaceous,FALSE,FALSE,FALSE,FALSE,FALSE,
species,Symphurus leucochilus,TRUE,TRUE,FALSE,FALSE,FALSE,
species,Trimma hayashi,TRUE,TRUE,FALSE,FALSE,FALSE,
species,Pycnoclavella brava,FALSE,FALSE,FALSE,FALSE,FALSE,
species,Pycnoclavella communis,FALSE,TRUE,FALSE,FALSE,FALSE,
species,Aetobatus narutobiei,FALSE,TRUE,FALSE,FALSE,FALSE,
species,Actinia ebhayiensis,FALSE,FALSE,FALSE,TRUE,FALSE,
species,Incrustatus niarchosi,FALSE,FALSE,FALSE,TRUE,FALSE,
species,Mussismilia hartii,FALSE,FALSE,FALSE,FALSE,FALSE,
species,Palythoa mizigama,FALSE,TRUE,FALSE,FALSE,FALSE,
species,Hydractinia serrata,FALSE,FALSE,FALSE,FALSE,FALSE,
species,Stylactis carcinicola,FALSE,FALSE,FALSE,FALSE,FALSE,
species,Stylactis serrata,FALSE,FALSE,FALSE,FALSE,FALSE,
species,Cyanea tzetlinii,FALSE,FALSE,TRUE,FALSE,FALSE,
species,Symbion americanus,FALSE,TRUE,FALSE,FALSE,FALSE,
species,Cryptasterina hystera,FALSE,FALSE,FALSE,TRUE,FALSE,
species,Echinoderes sensibilis,FALSE,TRUE,FALSE,FALSE,FALSE,
species,Atrina assimilis,TRUE,FALSE,FALSE,FALSE,FALSE,
species,Atrina exusta,TRUE,FALSE,FALSE,FALSE,FALSE,
species,Calyptogena phaseoliformis,FALSE,TRUE,FALSE,FALSE,FALSE,
species,Carditamera bajaensis,FALSE,TRUE,FALSE,FALSE,FALSE,
species,Thyasira gould,TRUE,TRUE,TRUE,FALSE,FALSE,
species,Xylophaga brava,FALSE,FALSE,FALSE,FALSE,FALSE,
species,Doryteuthis plei,TRUE,TRUE,FALSE,TRUE,FALSE,
species,Alderia willowi,FALSE,TRUE,FALSE,FALSE,FALSE,
species,Crepipatella fecunda,FALSE,FALSE,FALSE,FALSE,FALSE,
species,Crepipatella occulta,FALSE,FALSE,FALSE,FALSE,FALSE,
species,Echinolittorina trochoides,FALSE,FALSE,FALSE,FALSE,FALSE,
species,Gemmula monolifera,FALSE,FALSE,FALSE,FALSE,FALSE,
species,Melanochlamys lorrainae,FALSE,FALSE,FALSE,FALSE,FALSE,
species,Nassarius festina,FALSE,FALSE,FALSE,FALSE,FALSE,
species,Okenia harastii,FALSE,FALSE,FALSE,TRUE,FALSE,
species,Lepidochitona pseudoliozonis,FALSE,FALSE,FALSE,FALSE,FALSE,
species,Ototyphlonemertes erneba,TRUE,FALSE,FALSE,FALSE,FALSE,
species,Ototyphlonemertes lactea,FALSE,FALSE,FALSE,FALSE,FALSE,
species,Ototyphlonemertes macintoshi,FALSE,TRUE,FALSE,FALSE,FALSE,
species,Ototyphlonemertes parmula,FALSE,FALSE,FALSE,FALSE,FALSE,
species,Ototyphlonemertes santacruzensis,FALSE,FALSE,FALSE,FALSE,FALSE,
species,Tetrastemma roseocephalum,TRUE,TRUE,FALSE,FALSE,FALSE,
species,Cephalothrix alba,FALSE,FALSE,FALSE,FALSE,FALSE,
species,Cephalothrix simula,FALSE,TRUE,FALSE,FALSE,FALSE,
species,Apionsoma misakianum,TRUE,TRUE,TRUE,FALSE,FALSE,
species,Phascolosoma agassizi,FALSE,FALSE,FALSE,FALSE,FALSE,
species,Themiste pyroides,FALSE,FALSE,FALSE,FALSE,FALSE,
species,Grania occulta,FALSE,TRUE,FALSE,FALSE,FALSE,
species,Ophelia bicornis,FALSE,TRUE,FALSE,FALSE,FALSE,
species,Ophryotrocha batillus,FALSE,TRUE,FALSE,FALSE,FALSE,
species,Munida mendagnai,TRUE,FALSE,FALSE,FALSE,FALSE,
species,Platorchestia parapacifica,FALSE,TRUE,FALSE,FALSE,FALSE,
species,Pomacentrus micronesicus,TRUE,FALSE,FALSE,FALSE,FALSE,
species,Pyura doppelgangera,FALSE,FALSE,FALSE,TRUE,FALSE,
species,Tridacna ningaloo,TRUE,FALSE,FALSE,FALSE,FALSE,
species,Gemmula hombroni,TRUE,FALSE,FALSE,FALSE,FALSE,
species,Gemmula sogodensis,TRUE,FALSE,FALSE,FALSE,FALSE,
species,Lophiotoma friedrichbonhoefferi,TRUE,FALSE,FALSE,FALSE,FALSE,
species,Lophiotoma panglaoensis,TRUE,FALSE,FALSE,FALSE,FALSE,
species,Pseudomicrura afzelii,FALSE,TRUE,FALSE,FALSE,FALSE,
species,Sesarma reticulatum,TRUE,TRUE,FALSE,FALSE,FALSE,
species,Odontamblyopus lacepedii,TRUE,TRUE,FALSE,FALSE,FALSE,
species,Trimma flammeum,TRUE,FALSE,FALSE,TRUE,FALSE,
species,Parvulastra exigua,TRUE,FALSE,FALSE,TRUE,FALSE,
species,Gemmula rarimaculata,TRUE,FALSE,FALSE,TRUE,FALSE,
species,Spirastrella mollis,TRUE,TRUE,FALSE,FALSE,FALSE,
species,Eucalanus hyalinus,TRUE,TRUE,FALSE,TRUE,FALSE,
species,Chthamalus proteus,TRUE,TRUE,FALSE,TRUE,FALSE,
species,Albula vulpes,TRUE,TRUE,FALSE,TRUE,FALSE,
species,Trimma tevegae,TRUE,TRUE,FALSE,TRUE,FALSE,
species,Bathymodiolus,TRUE,TRUE,FALSE,TRUE,FALSE,
species,Sepioteuthis lessoniana,TRUE,TRUE,FALSE,TRUE,FALSE,
species,Bathytoma,TRUE,TRUE,FALSE,TRUE,FALSE,
species,Bostrycapulus,TRUE,TRUE,FALSE,TRUE,FALSE,
species,Gemmula cosmoi,TRUE,TRUE,FALSE,TRUE,FALSE,
species,Lophiotoma acuta,TRUE,TRUE,FALSE,TRUE,FALSE,
species,Lophiotoma indica,TRUE,TRUE,FALSE,TRUE,FALSE,
species,Turridrupa bijubata,TRUE,TRUE,FALSE,TRUE,FALSE,
species,Chondrilla nucula,TRUE,TRUE,FALSE,TRUE,FALSE,
species,Scoloplos armiger,TRUE,TRUE,TRUE,TRUE,FALSE,
species,Abyssorchomene,TRUE,TRUE,FALSE,TRUE,TRUE,
species,Tubificoides insularis,FALSE,TRUE,FALSE,FALSE,FALSE,
species,Tubificoides amplivasatus,FALSE,TRUE,FALSE,FALSE,FALSE,
species,Tubificoides pseudogaster,FALSE,TRUE,FALSE,FALSE,FALSE,
species,Arenicola defodiens,FALSE,TRUE,FALSE,FALSE,FALSE,
species,Chone magna,FALSE,TRUE,FALSE,FALSE,FALSE,
species,Eumida minuta,FALSE,FALSE,FALSE,TRUE,FALSE,
species,Galeolaria caespitosa,FALSE,FALSE,FALSE,TRUE,FALSE,
species,Hediste japonica,FALSE,TRUE,FALSE,FALSE,FALSE,
species,Naineris dendritica,FALSE,TRUE,FALSE,FALSE,FALSE,
species,Neoamphitrite robusta,FALSE,TRUE,FALSE,FALSE,FALSE,
species,Neopetitia occulta,TRUE,FALSE,FALSE,FALSE,FALSE,
species,Syllis elongata,FALSE,TRUE,FALSE,FALSE,FALSE,
species,Aquilastacus serratus,FALSE,TRUE,FALSE,FALSE,FALSE,
species,Coullana canadensis,FALSE,TRUE,FALSE,FALSE,FALSE,
species,Tigriopus angulatus,FALSE,FALSE,FALSE,TRUE,FALSE,
species,Zausodes arenicolus,FALSE,TRUE,FALSE,FALSE,FALSE,
species,Callianassa kraussi,FALSE,FALSE,FALSE,TRUE,FALSE,
species,Ciliopagurus vakovako,TRUE,FALSE,FALSE,FALSE,FALSE,
species,Cyathura polita,FALSE,TRUE,FALSE,FALSE,FALSE,
species,Exosphaeroma hylecoetes,FALSE,FALSE,FALSE,TRUE,FALSE,
species,Fungicola fagei,TRUE,FALSE,FALSE,FALSE,FALSE,
species,Gammarus tigrinus,FALSE,TRUE,FALSE,FALSE,FALSE,
species,Haploniscus cucullus,FALSE,FALSE,FALSE,TRUE,FALSE,
species,Haptosquilla pulchella,TRUE,FALSE,FALSE,FALSE,FALSE,
species,Iphinoe truncata,FALSE,FALSE,FALSE,TRUE,FALSE,
species,Mesopodopsis orientalis,TRUE,FALSE,FALSE,FALSE,FALSE,
species,Mesopodopsis slabberi,FALSE,TRUE,FALSE,FALSE,FALSE,
species,Munida clinata,TRUE,FALSE,FALSE,FALSE,FALSE,
species,Panulirus longipes femoristriga,TRUE,FALSE,FALSE,FALSE,FALSE,
species,Paracorophium excavatum,FALSE,FALSE,FALSE,TRUE,FALSE,
species,Petrolisthes edwardsii,TRUE,FALSE,FALSE,FALSE,FALSE,
species,Serolis paradoxa,FALSE,FALSE,FALSE,TRUE,FALSE,
species,Synalpheus rathbunae,TRUE,FALSE,FALSE,FALSE,FALSE,
species,Uroptychus naso,TRUE,FALSE,FALSE,FALSE,FALSE,
species,Zeuxo normani,FALSE,TRUE,FALSE,FALSE,FALSE,
species,Chthamalus fissus,FALSE,TRUE,FALSE,FALSE,FALSE,
species,Trevathana dentata,TRUE,FALSE,FALSE,FALSE,FALSE,
species,Wanella milleporae,TRUE,FALSE,FALSE,FALSE,FALSE,
species,Cupuladria surinamensis,FALSE,TRUE,FALSE,FALSE,FALSE,
species,Cathorops mapale,TRUE,FALSE,FALSE,FALSE,FALSE,
species,Luciogobius guttatus,FALSE,TRUE,FALSE,FALSE,FALSE,
species,Muraenoclinus dorsalis,FALSE,FALSE,FALSE,TRUE,FALSE,
species,Schindleria brevipinguis,TRUE,FALSE,FALSE,FALSE,FALSE,
species,Scorpis violaceus,FALSE,FALSE,FALSE,TRUE,FALSE,
species,Sebastes aleutianus,FALSE,TRUE,FALSE,FALSE,FALSE,
species,Sebastes inermis,FALSE,TRUE,FALSE,FALSE,FALSE,
species,Sebastes oculatus,FALSE,FALSE,FALSE,TRUE,FALSE,
species,Sprattus antipodum,FALSE,FALSE,FALSE,TRUE,FALSE,
species,Starksia sluiteri,TRUE,FALSE,FALSE,FALSE,FALSE,
species,Trimma cheni,TRUE,FALSE,FALSE,FALSE,FALSE,
species,Trimma erdmanni,TRUE,FALSE,FALSE,FALSE,FALSE,
species,Trimma fangi,TRUE,FALSE,FALSE,FALSE,FALSE,
species,Trimma marinae,TRUE,FALSE,FALSE,FALSE,FALSE,
species,Trimma nasa,TRUE,FALSE,FALSE,FALSE,FALSE,
species,Trimma stobbsi,TRUE,FALSE,FALSE,FALSE,FALSE,
species,Tripterygion tripteronotus,FALSE,TRUE,FALSE,FALSE,FALSE,
species,Pseudodistoma crucigaster,FALSE,TRUE,FALSE,FALSE,FALSE,
species,Pycnoclavella aurilucens,FALSE,TRUE,FALSE,FALSE,FALSE,
species,Himantura leoparda,TRUE,FALSE,FALSE,FALSE,FALSE,
species,Squatina argentina,FALSE,FALSE,FALSE,TRUE,FALSE,
species,Alcyonium coralloides,FALSE,TRUE,FALSE,FALSE,FALSE,
species,Anthopleura elegantissima,FALSE,TRUE,FALSE,FALSE,FALSE,
species,Anthopleura orientalis,FALSE,TRUE,FALSE,FALSE,FALSE,
species,Heliopora coerulea,TRUE,FALSE,FALSE,FALSE,FALSE,
species,Plexaura kuna,TRUE,FALSE,FALSE,FALSE,FALSE,
species,Aequorea taiwanensis,FALSE,TRUE,FALSE,FALSE,FALSE,
species,Diphasia margareta,FALSE,TRUE,FALSE,FALSE,FALSE,
species,Nemertesia belini,FALSE,TRUE,FALSE,FALSE,FALSE,
species,Sertularella ellisii,FALSE,TRUE,FALSE,FALSE,FALSE,
species,Stylactis inermis,FALSE,TRUE,FALSE,FALSE,FALSE,
species,Leptasterias hexactis,FALSE,TRUE,FALSE,FALSE,FALSE,
species,Xenotrichula intermedia,FALSE,TRUE,FALSE,FALSE,FALSE,
species,Calyptogena pacifica,FALSE,TRUE,FALSE,FALSE,FALSE,
species,Mactra antiquata,TRUE,FALSE,FALSE,FALSE,FALSE,
species,Ostrea lurida,FALSE,TRUE,FALSE,FALSE,FALSE,
species,Tridacna noae,TRUE,FALSE,FALSE,FALSE,FALSE,
species,Vesicomya gigas,FALSE,TRUE,FALSE,FALSE,FALSE,
species,Octopus insularis,TRUE,FALSE,FALSE,FALSE,FALSE,
species,Crucibulum quiriquinae,TRUE,FALSE,FALSE,FALSE,FALSE,
species,Dendropoma petraeum,FALSE,TRUE,FALSE,FALSE,FALSE,
species,Diloma durvillaea,FALSE,FALSE,FALSE,TRUE,FALSE,
species,Elysia timida,FALSE,TRUE,FALSE,FALSE,FALSE,
species,Elysia timida,FALSE,TRUE,FALSE,FALSE,FALSE,
species,Frigidoalvania brychia,FALSE,TRUE,FALSE,FALSE,FALSE,
species,Gemmuloborsonia moosai,TRUE,FALSE,FALSE,FALSE,FALSE,
species,Glaucus marginatus,FALSE,FALSE,FALSE,TRUE,FALSE,
species,Gorgoleptis emarginatus,TRUE,FALSE,FALSE,FALSE,FALSE,
species,Lepetodrilus tevnianus,TRUE,FALSE,FALSE,FALSE,FALSE,
species,Littorina sitkana,FALSE,TRUE,FALSE,FALSE,FALSE,
species,Nassarius nitidus,FALSE,TRUE,FALSE,FALSE,FALSE,
species,Navanax aenigmaticus,TRUE,FALSE,FALSE,FALSE,FALSE,
species,Notoacmea helmsi,FALSE,FALSE,FALSE,TRUE,FALSE,
species,Nucella emarginata,FALSE,TRUE,FALSE,FALSE,FALSE,
species,Nucella lima,FALSE,TRUE,FALSE,FALSE,FALSE,
species,Ocinebrina edwardsii,FALSE,TRUE,FALSE,FALSE,FALSE,
species,Thoracostoma trachygaster,FALSE,TRUE,FALSE,FALSE,FALSE,
species,Ototyphlonemertes duplex,FALSE,TRUE,FALSE,FALSE,FALSE,
species,Tetrastemma vermiculus,FALSE,TRUE,FALSE,FALSE,FALSE,
species,Cephalothrix spiralis,FALSE,TRUE,FALSE,FALSE,FALSE,
species,Lineus torquatus,FALSE,TRUE,FALSE,FALSE,FALSE,
species,Pseudomonocelis agilis,FALSE,TRUE,FALSE,FALSE,FALSE,
species,Pseudomonocelis ophiocephala,FALSE,TRUE,FALSE,FALSE,FALSE,
species,Scopalina lophyropoda,FALSE,TRUE,FALSE,FALSE,FALSE,
species,Thysanocardia nigra,FALSE,TRUE,FALSE,FALSE,FALSE,
species,Alitta virens,FALSE,TRUE,TRUE,FALSE,FALSE,
species,Barantolla americana,FALSE,TRUE,TRUE,FALSE,FALSE,
species,Euclymene zonalis,FALSE,TRUE,TRUE,FALSE,FALSE,
species,Eunoe nodosa,FALSE,TRUE,TRUE,FALSE,FALSE,
species,Eunoe oerstedi,FALSE,TRUE,TRUE,FALSE,FALSE,
species,Glycera kerguelensis,FALSE,FALSE,FALSE,TRUE,TRUE,
species,Harmothoe rarispina,FALSE,TRUE,TRUE,FALSE,FALSE,
species,Lepidonopsis humilis,TRUE,TRUE,FALSE,FALSE,FALSE,
species,Lepidonotus squamatus,FALSE,TRUE,TRUE,FALSE,FALSE,
species,Marenzelleria viridis,FALSE,TRUE,TRUE,FALSE,FALSE,
species,Nephtys punctata,FALSE,TRUE,TRUE,FALSE,FALSE,
species,Nereis denhamensis,TRUE,FALSE,FALSE,TRUE,FALSE,
species,Notophyllum foliosum,FALSE,TRUE,TRUE,FALSE,FALSE,
species,Ophelia limacina,FALSE,TRUE,TRUE,FALSE,FALSE,
species,Pectinaria granulata,FALSE,TRUE,TRUE,FALSE,FALSE,
species,Pectinaria koreni,FALSE,TRUE,TRUE,FALSE,FALSE,
species,Praxillella praetermissa,FALSE,TRUE,TRUE,FALSE,FALSE,
species,Calanus marshallae,FALSE,TRUE,TRUE,FALSE,FALSE,
species,Eurytemora affinis,FALSE,TRUE,TRUE,FALSE,FALSE,
species,Tigriopus californicus,FALSE,TRUE,FALSE,TRUE,FALSE,
species,Alpheus cristulifrons,TRUE,TRUE,FALSE,FALSE,FALSE,
species,Alpheus floridanus,TRUE,TRUE,FALSE,FALSE,FALSE,
species,Alpheus nuttingi,TRUE,FALSE,FALSE,TRUE,FALSE,
species,Emerita talpoida,TRUE,TRUE,FALSE,FALSE,FALSE,
species,Eumunida annulosa,TRUE,FALSE,FALSE,TRUE,FALSE,
species,Eusirus giganteus,FALSE,FALSE,FALSE,TRUE,TRUE,
species,Eusirus perdentatus,FALSE,FALSE,FALSE,TRUE,TRUE,
species,Glyptonotus Antarcticus,FALSE,FALSE,FALSE,TRUE,TRUE,
species,Gonodactylellus viridis,TRUE,TRUE,FALSE,FALSE,FALSE,
species,Hemigrapsus takanoi,TRUE,TRUE,FALSE,FALSE,FALSE,
species,Iolanthe drygalskii,FALSE,FALSE,FALSE,TRUE,TRUE,
species,Jaera albifrons,FALSE,TRUE,TRUE,FALSE,FALSE,
species,Leucothoe ashleyae,TRUE,TRUE,FALSE,FALSE,FALSE,
species,Leucothoe kensleyi,TRUE,TRUE,FALSE,FALSE,FALSE,
species,Lysmata wurdemanni,TRUE,TRUE,FALSE,FALSE,FALSE,
species,Menippe mercenaria,TRUE,TRUE,FALSE,FALSE,FALSE,
species,Metanephrops thomsoni,TRUE,TRUE,FALSE,FALSE,FALSE,
species,Munida notata,TRUE,FALSE,FALSE,TRUE,FALSE,
species,Munida tiresias,TRUE,FALSE,FALSE,TRUE,FALSE,
species,Munidopsis verrucosus,FALSE,TRUE,FALSE,TRUE,FALSE,
species,Mysis relicta,FALSE,TRUE,TRUE,FALSE,FALSE,
species,Neomysis americana,FALSE,TRUE,FALSE,TRUE,FALSE,
species,Neosarmatium meinerti,TRUE,FALSE,FALSE,TRUE,FALSE,
species,Palaemon elegans,TRUE,TRUE,FALSE,FALSE,FALSE,
species,Panulirus argus,TRUE,TRUE,FALSE,FALSE,FALSE,
species,Paramphithoe hystrix,FALSE,TRUE,TRUE,FALSE,FALSE,
species,Perisesarma guttatum,TRUE,FALSE,FALSE,TRUE,FALSE,
species,Phycomenes zostericola,TRUE,FALSE,FALSE,TRUE,FALSE,
species,Spirontocaris spinus,FALSE,TRUE,TRUE,FALSE,FALSE,
species,Upogebia Africana,TRUE,FALSE,FALSE,TRUE,FALSE,
species,Macroscapha inaequata,FALSE,FALSE,FALSE,TRUE,TRUE,
species,Macroscapha opaca,FALSE,FALSE,FALSE,TRUE,TRUE,
species,Macroscapha turbida,FALSE,FALSE,FALSE,TRUE,TRUE,
species,Achelia assimilis,TRUE,FALSE,FALSE,TRUE,FALSE,
species,Pallenopsis patagonica,FALSE,FALSE,FALSE,TRUE,TRUE,
species,Pollicipes pollicipes,TRUE,TRUE,FALSE,FALSE,FALSE,
species,Alcyonidium gelatinosum,FALSE,TRUE,TRUE,FALSE,FALSE,
species,Cupuladria biporosa,TRUE,TRUE,FALSE,FALSE,FALSE,
species,Parasagitta setosa,FALSE,TRUE,TRUE,FALSE,FALSE,
species,Acanthemblemaria crockeri,TRUE,TRUE,FALSE,FALSE,FALSE,
species,Acanthochromis polyacanthus,TRUE,FALSE,FALSE,TRUE,FALSE,
species,Agonostomus monticola,TRUE,TRUE,FALSE,FALSE,FALSE,
species,Atherina boyeri,FALSE,TRUE,FALSE,FALSE,TRUE,
species,Careproctus rastrinus,FALSE,TRUE,TRUE,FALSE,FALSE,
species,Clinus superciliosus,TRUE,FALSE,FALSE,TRUE,FALSE,
species,Girella nigricans,TRUE,TRUE,FALSE,FALSE,FALSE,
species,Gymnoscopelus bolini,FALSE,FALSE,FALSE,TRUE,TRUE,
species,Macrodon ancylodon,TRUE,FALSE,FALSE,TRUE,FALSE,
species,Ophthalmolycus amberensis,FALSE,FALSE,FALSE,TRUE,TRUE,
species,Parapercis lutevittata,TRUE,TRUE,FALSE,FALSE,FALSE,
species,Sebastes marinus,FALSE,TRUE,TRUE,FALSE,FALSE,
species,Sebastes mentella,FALSE,TRUE,TRUE,FALSE,FALSE,
species,Sebastes miniatus,TRUE,TRUE,FALSE,FALSE,FALSE,
species,Sebastes mystinus,TRUE,TRUE,FALSE,FALSE,FALSE,
species,Sillago analis,TRUE,FALSE,FALSE,TRUE,FALSE,
species,Starksia atlantica,TRUE,TRUE,FALSE,FALSE,FALSE,
species,Starksia lepicoelia,TRUE,TRUE,FALSE,FALSE,FALSE,
species,Symphurus thermophilus,TRUE,TRUE,FALSE,FALSE,FALSE,
species,Trimma benjamini,TRUE,FALSE,FALSE,TRUE,FALSE,
species,Trimma milta,TRUE,FALSE,FALSE,TRUE,FALSE,
species,Trimma taylori,TRUE,FALSE,FALSE,TRUE,FALSE,
species,Pyura stolonifera,TRUE,FALSE,FALSE,TRUE,FALSE,
species,Rhinobatos productus,TRUE,TRUE,FALSE,FALSE,FALSE,
species,Rhizoprionodon terraenovae,TRUE,TRUE,FALSE,FALSE,FALSE,
species,Sotalia,TRUE,FALSE,FALSE,TRUE,FALSE,
species,Aipysurus mosaicus,TRUE,FALSE,FALSE,TRUE,FALSE,
species,Enhydrina schistosa,TRUE,TRUE,FALSE,FALSE,FALSE,
species,Eunicea flexuosa,TRUE,TRUE,FALSE,FALSE,FALSE,
species,Montipora digitata,TRUE,FALSE,FALSE,TRUE,FALSE,
species,Phymactis papillosa,TRUE,FALSE,FALSE,TRUE,FALSE,
species,Plexaura flexuosa,TRUE,TRUE,FALSE,FALSE,FALSE,
species,Porites evermanni,TRUE,TRUE,FALSE,FALSE,FALSE,
species,Coryne pusilla,FALSE,TRUE,FALSE,TRUE,FALSE,
species,Sertularella fusiformis,TRUE,TRUE,FALSE,FALSE,FALSE,
species,Sertularia distans,TRUE,TRUE,FALSE,FALSE,FALSE,
species,Aurelia labiata,TRUE,TRUE,FALSE,FALSE,FALSE,
species,Luidia quinaria,TRUE,TRUE,FALSE,FALSE,FALSE,
species,Tosia australis,TRUE,FALSE,FALSE,TRUE,FALSE,
species,Phanogenia gracilis,TRUE,FALSE,FALSE,TRUE,FALSE,
species,Promachocrinus kerguelensis,FALSE,FALSE,FALSE,TRUE,TRUE,
species,Bohadschia marmorata,TRUE,FALSE,FALSE,TRUE,FALSE,
species,Thyonella gemmata,TRUE,TRUE,FALSE,FALSE,FALSE,
species,Acrocnida brachiata,TRUE,TRUE,FALSE,FALSE,FALSE,
species,Ophioderma longicauda,TRUE,TRUE,FALSE,FALSE,FALSE,
species,Ophionotus victoriae,FALSE,FALSE,FALSE,TRUE,TRUE,
species,Ophiothrix aristulata,TRUE,FALSE,FALSE,TRUE,FALSE,
species,Atrina rigida,TRUE,TRUE,FALSE,FALSE,FALSE,
species,Brachidontes exustus,TRUE,TRUE,FALSE,FALSE,FALSE,
species,Lasaea australis,TRUE,FALSE,FALSE,TRUE,FALSE,
species,Macoma balthica,FALSE,TRUE,TRUE,FALSE,FALSE,
species,Mactra corallina,FALSE,TRUE,TRUE,FALSE,FALSE,
species,Neilonella salicensis,TRUE,TRUE,FALSE,FALSE,FALSE,
species,Ostrea edulis,FALSE,TRUE,TRUE,FALSE,FALSE,
species,Loliolus beka,TRUE,TRUE,FALSE,FALSE,FALSE,
species,Octopus variabilis,TRUE,TRUE,FALSE,FALSE,FALSE,
species,Alcithoe aillaudorum,TRUE,FALSE,FALSE,TRUE,FALSE,
species,Austrocochlea constricta,TRUE,FALSE,FALSE,TRUE,FALSE,
species,Cancellopollia gracilis,TRUE,FALSE,FALSE,TRUE,FALSE,
species,Columbella rustica,TRUE,TRUE,FALSE,FALSE,FALSE,
species,Costasiella ocellifera,TRUE,TRUE,FALSE,FALSE,FALSE,
species,Doto coronata,FALSE,TRUE,FALSE,TRUE,FALSE,
species,Littoraria melanostoma,TRUE,TRUE,FALSE,FALSE,FALSE,
species,Littorina scutulata,TRUE,TRUE,FALSE,FALSE,FALSE,
species,Lottia digitalis,FALSE,TRUE,TRUE,FALSE,FALSE,
species,Lottia digitalis,FALSE,TRUE,TRUE,FALSE,FALSE,
species,Melampus bidentatus,TRUE,TRUE,FALSE,FALSE,FALSE,
species,Nassarius livescens,TRUE,TRUE,FALSE,FALSE,FALSE,
species,Pachydermia laevis,TRUE,TRUE,FALSE,FALSE,FALSE,
species,Patella granularis,TRUE,FALSE,FALSE,TRUE,FALSE,
species,Patelloida profunda,TRUE,FALSE,FALSE,TRUE,FALSE,
species,Peltospira operculata,TRUE,TRUE,FALSE,FALSE,FALSE,
species,Pirenella alata,TRUE,TRUE,FALSE,FALSE,FALSE,
species,Propebela turricula,FALSE,TRUE,TRUE,FALSE,FALSE,
species,Spurilla neapolitana,FALSE,TRUE,FALSE,TRUE,FALSE,
species,Trochus conus,TRUE,TRUE,FALSE,FALSE,FALSE,
species,Pellioditis marina,FALSE,TRUE,FALSE,TRUE,FALSE,
species,Rhabditis marina,FALSE,TRUE,FALSE,TRUE,FALSE,
species,Rhabditis marina,FALSE,TRUE,FALSE,TRUE,FALSE,
species,Oerstedia dorsalis,TRUE,TRUE,FALSE,FALSE,FALSE,
species,Tetrastemma melanocephalum,TRUE,TRUE,FALSE,FALSE,FALSE,
species,Tetrastemma peltatum,FALSE,TRUE,FALSE,TRUE,FALSE,
species,Monocelis lineata,TRUE,TRUE,FALSE,FALSE,FALSE,
species,Clathrina clathrus,TRUE,TRUE,FALSE,FALSE,FALSE,
species,Chondrosia reniformis,TRUE,TRUE,FALSE,FALSE,FALSE,
species,Cliona viridis,TRUE,TRUE,FALSE,FALSE,FALSE,
species,Pachymatisma normani,FALSE,TRUE,TRUE,FALSE,FALSE,
species,Petrosia ficiformis,TRUE,TRUE,FALSE,FALSE,FALSE,
species,Suberites diversicolor,TRUE,TRUE,FALSE,FALSE,FALSE,
species,Brachionus plicatilis,TRUE,TRUE,FALSE,FALSE,FALSE,
species,Aspidosiphon parvulus,TRUE,TRUE,FALSE,FALSE,FALSE,
species,Archinome rosacea,TRUE,TRUE,FALSE,TRUE,FALSE,
species,Eurythoe complanata,TRUE,TRUE,FALSE,TRUE,FALSE,
species,Harmothoe imbricata,TRUE,TRUE,TRUE,FALSE,FALSE,
species,Hediste diversicolor,TRUE,TRUE,TRUE,FALSE,FALSE,
species,Lumbrineris fragilis,TRUE,TRUE,TRUE,FALSE,FALSE,
species,Lysidice ninetta,TRUE,TRUE,FALSE,TRUE,FALSE,
species,Myxicola infundibulum,FALSE,TRUE,TRUE,TRUE,FALSE,
species,Nereis acuminata,TRUE,TRUE,FALSE,TRUE,FALSE,
species,Perinereis cultrifera,TRUE,TRUE,FALSE,TRUE,FALSE,
species,Perinereis suluana,TRUE,TRUE,FALSE,TRUE,FALSE,
species,Phyllodoce groenlandica,TRUE,TRUE,TRUE,FALSE,FALSE,
species,Polydora cornuta,TRUE,TRUE,FALSE,TRUE,FALSE,
species,Pseudonereis anomala,TRUE,TRUE,FALSE,TRUE,FALSE,
species,Rhynchospio glutaea,TRUE,TRUE,FALSE,TRUE,FALSE,
species,Spiochaetopterus costarum,TRUE,TRUE,FALSE,TRUE,FALSE,
species,Streblospio benedicti,TRUE,TRUE,FALSE,TRUE,FALSE,
species,Syllis alternata,TRUE,TRUE,TRUE,FALSE,FALSE,
species,Acartia tonsa,TRUE,TRUE,FALSE,TRUE,FALSE,
species,Cletocamptus deitersi,TRUE,TRUE,FALSE,TRUE,FALSE,
species,Nannopus palustris,TRUE,TRUE,FALSE,TRUE,FALSE,
species,Oncaea venusta,TRUE,TRUE,FALSE,TRUE,FALSE,
species,Pleuromamma piseki,TRUE,TRUE,FALSE,TRUE,FALSE,
species,Rhincalanus rostrifrons,TRUE,TRUE,FALSE,TRUE,FALSE,
species,Subeucalanus crassus,TRUE,TRUE,FALSE,TRUE,FALSE,
species,Subeucalanus mucronatus,TRUE,TRUE,FALSE,TRUE,FALSE,
species,Subeucalanus pileatus,TRUE,TRUE,FALSE,TRUE,FALSE,
species,Alpheus armillatus,TRUE,TRUE,FALSE,TRUE,FALSE,
species,Alpheus heterochaelis,TRUE,TRUE,FALSE,TRUE,FALSE,
species,Aristaeomorpha foliacea,TRUE,TRUE,FALSE,TRUE,FALSE,
species,Betamorpha fusiformis,FALSE,TRUE,FALSE,TRUE,TRUE,
species,Calcinus anani,TRUE,TRUE,FALSE,TRUE,FALSE,
species,Caprella penantis,TRUE,TRUE,FALSE,TRUE,FALSE,
species,Ciliopagurus strigatus,TRUE,TRUE,FALSE,TRUE,FALSE,
species,Clibanarius vittatus,TRUE,TRUE,FALSE,TRUE,FALSE,
species,Excirolana braziliensis,TRUE,TRUE,FALSE,TRUE,FALSE,
species,Haptosquilla glyptocercus,TRUE,TRUE,FALSE,TRUE,FALSE,
species,Linuparus trigonus,TRUE,TRUE,FALSE,TRUE,FALSE,
species,Panopeus herbstii,TRUE,TRUE,FALSE,TRUE,FALSE,
species,Penaeus japonicus,TRUE,TRUE,FALSE,TRUE,FALSE,
species,Trapezia bidentata,TRUE,TRUE,FALSE,TRUE,FALSE,
species,Trapezia formosa,TRUE,TRUE,FALSE,TRUE,FALSE,
species,Xiphopenaeus kroyeri,TRUE,TRUE,FALSE,TRUE,FALSE,
species,Tetraclita squamosa,TRUE,TRUE,FALSE,TRUE,FALSE,
species,Electra pilosa,FALSE,TRUE,TRUE,TRUE,FALSE,
species,Membranipora membranacea,TRUE,TRUE,FALSE,TRUE,FALSE,
species,Watersipora subtorquata,TRUE,TRUE,FALSE,TRUE,FALSE,
species,Atherinomorus lacunosus,TRUE,TRUE,FALSE,TRUE,FALSE,
species,Atule mate,TRUE,TRUE,FALSE,TRUE,FALSE,
species,Bathygobius soporator,TRUE,TRUE,FALSE,TRUE,FALSE,
species,Benthosema pterotum,TRUE,TRUE,FALSE,TRUE,FALSE,
species,Beryx splendens,TRUE,TRUE,FALSE,TRUE,FALSE,
species,Callionymus filamentosus,TRUE,TRUE,FALSE,TRUE,FALSE,
species,Chrysiptera cyanea,TRUE,TRUE,FALSE,TRUE,FALSE,
species,Corythoichthys haematopterus,TRUE,TRUE,FALSE,TRUE,FALSE,
species,Cyclothone alba,TRUE,TRUE,FALSE,TRUE,FALSE,
species,Dascyllus trimaculatus,TRUE,TRUE,FALSE,TRUE,FALSE,
species,Elops saurus,TRUE,TRUE,FALSE,TRUE,FALSE,
species,Engraulis encrasicolus,TRUE,TRUE,FALSE,TRUE,FALSE,
species,Hippocampus kuda,TRUE,TRUE,FALSE,TRUE,FALSE,
species,Lethrinus olivaceus,TRUE,TRUE,FALSE,TRUE,FALSE,
species,Lutjanus johnii,TRUE,TRUE,FALSE,TRUE,FALSE,
species,Moolgarda seheli,TRUE,TRUE,FALSE,TRUE,FALSE,
species,Mugil curema,TRUE,TRUE,FALSE,TRUE,FALSE,
species,Mugil platanus,TRUE,TRUE,FALSE,TRUE,FALSE,
species,Naso caesius,TRUE,TRUE,FALSE,TRUE,FALSE,
species,Notolepis coatsi,FALSE,TRUE,FALSE,TRUE,TRUE,
species,Periophthalmus argentilineatus,TRUE,TRUE,FALSE,TRUE,FALSE,
species,Platycephalus indicus,TRUE,TRUE,FALSE,TRUE,FALSE,
species,Plectropomus leopardus,TRUE,TRUE,FALSE,TRUE,FALSE,
species,Pomacentrus coelestis,TRUE,TRUE,FALSE,TRUE,FALSE,
species,Pseudochromis fuscus,TRUE,TRUE,FALSE,TRUE,FALSE,
species,Sardinella gibbosa,TRUE,TRUE,FALSE,TRUE,FALSE,
species,Schindleria pietschmanni,TRUE,TRUE,FALSE,TRUE,FALSE,
species,Schindleria praematura,TRUE,TRUE,FALSE,TRUE,FALSE,
species,Scomberomorus commerson,TRUE,TRUE,FALSE,TRUE,FALSE,
species,Selar crumenophthalmus,TRUE,TRUE,FALSE,TRUE,FALSE,
species,Seriola lalandi,TRUE,TRUE,FALSE,TRUE,FALSE,
species,Seriolina nigrofasciata,TRUE,TRUE,FALSE,TRUE,FALSE,
species,Solea solea,TRUE,TRUE,FALSE,TRUE,FALSE,
species,Trimma emeryi,TRUE,TRUE,FALSE,TRUE,FALSE,
species,Trimma naudei,TRUE,TRUE,FALSE,TRUE,FALSE,
species,Trimma okinawae,TRUE,TRUE,FALSE,TRUE,FALSE,
species,Uroconger lepturus,TRUE,TRUE,FALSE,TRUE,FALSE,
species,Botryllus niger,TRUE,TRUE,FALSE,TRUE,FALSE,
species,Cystodytes dellechiajei,TRUE,TRUE,FALSE,TRUE,FALSE,
species,Didemnum granulatum,TRUE,TRUE,FALSE,TRUE,FALSE,
species,Didemnum molle,TRUE,TRUE,FALSE,TRUE,FALSE,
species,Diplosoma listerianum,TRUE,TRUE,FALSE,TRUE,FALSE,
species,Herdmania momus,TRUE,TRUE,FALSE,TRUE,FALSE,
species,Aetobatus narinari,TRUE,TRUE,FALSE,TRUE,FALSE,
species,Raja clavata,TRUE,TRUE,FALSE,TRUE,FALSE,
species,Sphyrna lewini,TRUE,TRUE,FALSE,TRUE,FALSE,
species,Asymmetron lucayanum,TRUE,TRUE,FALSE,TRUE,FALSE,
species,Laticauda colubrina,TRUE,TRUE,FALSE,TRUE,FALSE,
species,Acropora cytherea,TRUE,TRUE,FALSE,TRUE,FALSE,
species,Acropora hyacinthus,TRUE,TRUE,FALSE,TRUE,FALSE,
species,Actinia equina,FALSE,TRUE,TRUE,TRUE,FALSE,
species,Cladopsammia gracilis,TRUE,TRUE,FALSE,TRUE,FALSE,
species,Montastraea annularis,TRUE,TRUE,FALSE,TRUE,FALSE,
species,Pocillopora damicornis,TRUE,TRUE,FALSE,TRUE,FALSE,
species,Sarcophyton glaucum,TRUE,TRUE,FALSE,TRUE,FALSE,
species,Seriatopora hystrix,TRUE,TRUE,FALSE,TRUE,FALSE,
species,Siderastrea radians,TRUE,TRUE,FALSE,TRUE,FALSE,
species,Sphenopus marsupialis,TRUE,TRUE,FALSE,TRUE,FALSE,
species,Stylophora pistillata,TRUE,TRUE,FALSE,TRUE,FALSE,
species,Aglaophenia pluma,TRUE,TRUE,FALSE,TRUE,FALSE,
species,Cryptolaria pectinata,TRUE,TRUE,FALSE,TRUE,FALSE,
species,Dynamena disticha,TRUE,TRUE,FALSE,TRUE,FALSE,
species,Lensia multicristata,TRUE,TRUE,FALSE,TRUE,FALSE,
species,Nemertesia antennina,TRUE,TRUE,FALSE,TRUE,FALSE,
species,Plumularia setacea,TRUE,TRUE,FALSE,TRUE,FALSE,
species,Sertularella mediterranea,TRUE,TRUE,FALSE,TRUE,FALSE,
species,Turritopsis,TRUE,TRUE,FALSE,TRUE,FALSE,
species,Acanthaster planci,TRUE,TRUE,FALSE,TRUE,FALSE,
species,Cryptasterina,TRUE,TRUE,FALSE,TRUE,FALSE,
species,Linckia guildingi,TRUE,TRUE,FALSE,TRUE,FALSE,
species,Patiriella pseudoexigua,TRUE,TRUE,FALSE,TRUE,FALSE,
species,Zoroaster fulgens,TRUE,TRUE,FALSE,TRUE,FALSE,
species,Asthenosoma ijimai,TRUE,TRUE,FALSE,TRUE,FALSE,
species,Echinometra mathaei,TRUE,TRUE,FALSE,TRUE,FALSE,
species,Echinometra oblonga,TRUE,TRUE,FALSE,TRUE,FALSE,
species,Ophiactis savignyi,TRUE,TRUE,FALSE,TRUE,FALSE,
species,Ophiomyxa vivipara,TRUE,FALSE,TRUE,TRUE,FALSE,
species,Ophiura ooplax,TRUE,TRUE,FALSE,TRUE,FALSE,
species,Atrina pectinata,TRUE,TRUE,FALSE,TRUE,FALSE,
species,Brachidontes variabilis,TRUE,TRUE,FALSE,TRUE,FALSE,
species,Lyrodus pedicellatus,TRUE,TRUE,FALSE,TRUE,FALSE,
species,Nucula atacellana,TRUE,TRUE,FALSE,TRUE,FALSE,
species,Pinna saccata,TRUE,TRUE,FALSE,TRUE,FALSE,
species,Pinna muricata,TRUE,TRUE,FALSE,TRUE,FALSE,
species,Tridacna crocea,TRUE,TRUE,FALSE,TRUE,FALSE,
species,Tridacna maxima,TRUE,TRUE,FALSE,TRUE,FALSE,
species,Lolliguncula brevis,TRUE,TRUE,FALSE,TRUE,FALSE,
species,Octopus tetricus,TRUE,TRUE,FALSE,TRUE,FALSE,
species,Octopus vulgaris,TRUE,TRUE,FALSE,TRUE,FALSE,
species,Spirula,TRUE,TRUE,FALSE,TRUE,FALSE,
species,Uroteuthis chinensis,TRUE,TRUE,FALSE,TRUE,FALSE,
species,Uroteuthis chinensis,TRUE,TRUE,FALSE,TRUE,FALSE,
species,Alderia modesta,FALSE,TRUE,TRUE,TRUE,FALSE,
species,Alderia modesta,FALSE,TRUE,TRUE,TRUE,FALSE,
species,Alviniconcha hessleri,TRUE,TRUE,FALSE,TRUE,FALSE,
species,Anteaeolidiella indica,TRUE,TRUE,FALSE,TRUE,FALSE,
species,Astralium rhodostomum,TRUE,TRUE,FALSE,TRUE,FALSE,
species,Bosellia mimetica,TRUE,TRUE,FALSE,TRUE,FALSE,
species,Cerithiopsis tubercularis,TRUE,TRUE,TRUE,FALSE,FALSE,
species,Conus ebraeus,TRUE,TRUE,FALSE,TRUE,FALSE,
species,Conus orbignyi,TRUE,TRUE,FALSE,TRUE,FALSE,
species,Conus sponsalis,TRUE,TRUE,FALSE,TRUE,FALSE,
species,Crepidula plana,TRUE,TRUE,FALSE,TRUE,FALSE,
species,Cryptonatica affinis,TRUE,TRUE,TRUE,FALSE,FALSE,
species,Doris kerguelenensis,TRUE,FALSE,FALSE,TRUE,TRUE,
species,Echinolittorina vidua,TRUE,TRUE,FALSE,TRUE,FALSE,
species,Lepetodrilus elevatus,TRUE,TRUE,FALSE,TRUE,FALSE,
species,Lepetodrilus ovalis,TRUE,TRUE,FALSE,TRUE,FALSE,
species,Lepetodrilus pustulosus,TRUE,TRUE,FALSE,TRUE,FALSE,
species,Lunella cinerea,TRUE,TRUE,FALSE,TRUE,FALSE,
species,Lunella coronata,TRUE,TRUE,FALSE,TRUE,FALSE,
species,Menathais tuberosa,TRUE,TRUE,FALSE,TRUE,FALSE,
species,Naticarius onca,TRUE,TRUE,FALSE,TRUE,FALSE,
species,Notobryon wardi,TRUE,TRUE,FALSE,TRUE,FALSE,
species,Patella rustica,TRUE,TRUE,FALSE,TRUE,FALSE,
species,Phestilla,TRUE,TRUE,FALSE,TRUE,FALSE,
species,Pteraeolidia ianthina,TRUE,TRUE,FALSE,TRUE,FALSE,
species,Stramonita haemastoma,TRUE,TRUE,FALSE,TRUE,FALSE,
species,Tectus pyramis,TRUE,TRUE,FALSE,TRUE,FALSE,
species,Gyratrix hermaphroditus,TRUE,TRUE,FALSE,TRUE,FALSE,
species,Clathrina cerebrum,TRUE,TRUE,FALSE,TRUE,FALSE,
species,Leucetta chagosensis,TRUE,TRUE,FALSE,TRUE,FALSE,
species,Chondrilla nucula,TRUE,TRUE,FALSE,TRUE,FALSE,
species,Cliona celata,TRUE,TRUE,FALSE,TRUE,FALSE,
species,Suberites ficus,TRUE,TRUE,TRUE,FALSE,FALSE,
species,Xestospongia testudinaria,TRUE,TRUE,FALSE,TRUE,FALSE,
species,Aspidosiphon elegans,TRUE,TRUE,FALSE,TRUE,FALSE,
species,Phascolosoma perlucens,TRUE,TRUE,FALSE,TRUE,FALSE,
species,Phascolosoma scolops,TRUE,TRUE,FALSE,TRUE,FALSE,
species,Eteone longa,TRUE,TRUE,TRUE,TRUE,FALSE,
species,Eumida sanguinea,TRUE,TRUE,TRUE,TRUE,FALSE,
species,Flabelligera affinis,TRUE,TRUE,TRUE,TRUE,FALSE,
species,Laonice cirrata,TRUE,TRUE,TRUE,TRUE,FALSE,
species,Leitoscoloplos pugettensis,TRUE,TRUE,TRUE,TRUE,FALSE,
species,Nereiphylla castanea,TRUE,TRUE,TRUE,TRUE,FALSE,
species,Nereis pelagica,TRUE,TRUE,TRUE,TRUE,FALSE,
species,Nothria conchylega,TRUE,TRUE,TRUE,TRUE,FALSE,
species,Ophelina acuminata,TRUE,TRUE,TRUE,TRUE,FALSE,
species,Owenia fusiformis,TRUE,TRUE,TRUE,TRUE,FALSE,
species,Polydora ciliata,TRUE,TRUE,TRUE,TRUE,FALSE,
species,Spiophanes bombyx,TRUE,TRUE,TRUE,TRUE,FALSE,
species,Terebellides stroemi,TRUE,TRUE,TRUE,TRUE,FALSE,
species,Centropages typicus,TRUE,TRUE,TRUE,TRUE,FALSE,
species,Mesocalanus tenuicornis,TRUE,TRUE,TRUE,TRUE,FALSE,
species,Nannocalanus minor,TRUE,TRUE,TRUE,TRUE,FALSE,
species,Nannocalanus minor,TRUE,TRUE,TRUE,TRUE,FALSE,
species,Paracalanus parvus,TRUE,TRUE,TRUE,TRUE,FALSE,
species,Rhincalanus nasutus,TRUE,TRUE,TRUE,TRUE,FALSE,
species,Ischyrocerus anguipes,TRUE,TRUE,TRUE,TRUE,FALSE,
species,Alcyonidium mytili,TRUE,TRUE,TRUE,TRUE,FALSE,
species,Bugula neritina,TRUE,TRUE,FALSE,TRUE,TRUE,
species,Lampris guttatus,TRUE,TRUE,TRUE,TRUE,FALSE,
species,Mugil cephalus,TRUE,TRUE,TRUE,TRUE,FALSE,
species,Hemicorallium laauense,TRUE,TRUE,FALSE,TRUE,TRUE,
species,Paragorgia arborea,TRUE,TRUE,TRUE,TRUE,FALSE,
species,Physalia physalis,TRUE,TRUE,FALSE,TRUE,TRUE,
species,Thuiaria articulata,TRUE,TRUE,TRUE,TRUE,FALSE,
species,Aurelia aurita,TRUE,TRUE,TRUE,TRUE,FALSE,
species,Asterias amurensis,TRUE,TRUE,TRUE,TRUE,FALSE,
species,Marthasterias glacialis,TRUE,TRUE,TRUE,TRUE,FALSE,
species,Echinocardium cordatum,TRUE,TRUE,TRUE,TRUE,FALSE,
species,Amphipholis squamata,TRUE,TRUE,TRUE,TRUE,FALSE,
species,Ophiactis abyssicola,TRUE,TRUE,TRUE,TRUE,FALSE,
species,Ophiothrix fragilis,TRUE,TRUE,TRUE,TRUE,FALSE,
species,Mytilus edulis,TRUE,TRUE,TRUE,TRUE,FALSE,
species,Buccinum undatum,TRUE,TRUE,TRUE,TRUE,FALSE,
species,Geomonhystera disjuncta,TRUE,TRUE,FALSE,TRUE,TRUE,
species,Halomonhystera disjuncta,TRUE,TRUE,FALSE,TRUE,TRUE,
species,Plakina trilopha,TRUE,TRUE,FALSE,TRUE,TRUE,
species,Sipunculus nudus,TRUE,TRUE,TRUE,TRUE,FALSE,
species,Echiniscoides sigismundi,TRUE,TRUE,TRUE,TRUE,FALSE,
species,Brada villosa,TRUE,TRUE,TRUE,TRUE,TRUE,
species,Capitella capitata,TRUE,TRUE,TRUE,TRUE,TRUE,
species,Cirratulus cirratus,TRUE,TRUE,TRUE,TRUE,TRUE,
species,Scalibregma inflatum,TRUE,TRUE,TRUE,TRUE,TRUE,
species,Euterpina acutifrons,TRUE,TRUE,TRUE,TRUE,TRUE,
species,Metridia lucens,TRUE,TRUE,TRUE,TRUE,TRUE,
species,Eurythenes gryllus,TRUE,TRUE,TRUE,TRUE,TRUE,
species,Themisto gaudichaudii,TRUE,TRUE,TRUE,TRUE,TRUE,
species,Celleporella hyalina,TRUE,TRUE,TRUE,TRUE,TRUE,
species,Eukrohnia hamata,TRUE,TRUE,TRUE,TRUE,TRUE,
species,Ciona intestinalis,TRUE,TRUE,TRUE,TRUE,TRUE,
species,Ciona intestinalis,TRUE,TRUE,TRUE,TRUE,TRUE,
species,Lafoea dumosa,TRUE,TRUE,TRUE,TRUE,TRUE,
species,Hiatella arctica,TRUE,TRUE,TRUE,TRUE,TRUE,
genus,Marionina,,,,,,
genus,Dipolydora,,,,,,
genus,Eunice,,,,,,
genus,Marphysa,,,,,,
genus,Oasisia,,,,,,
genus,Paranaitis,,,,,,
genus,Polydora,,,,,,
genus,Sabellastarte,,,,,,
genus,Vrijenhoekia,,,,,,
genus,Acartia,,,,,,
genus,Pareucalanus,,,,,,
genus,Pseudocyclops,,,,,,
genus,Abyssorchomene,,,,,,
genus,Allogalathea,,,,,,
genus,Alpheus,,,,,,
genus,Calcinus,,,,,,
genus,Carcinus,,,,,,
genus,Gammarus,,,,,,
genus,Jassa,,,,,,
genus,Liopetrolisthes,,,,,,
genus,Munida,,,,,,
genus,Panopeus,,,,,,
genus,Paratanais,,,,,,
genus,Pseudodromia,,,,,,
genus,Raymunida,,,,,,
genus,Sadayoshia,,,,,,
genus,Synalpheus,,,,,,
genus,Thenus,,,,,,
genus,Chthamalus,,,,,,
genus,Discoporella,,,,,,
genus,Rhynchozoon,,,,,,
genus,Akkonov,,,,,,
genus,Albula,,,,,,
genus,Amphiprion,,,,,,
genus,Bollmannia,,,,,,
genus,Gobiosoma,,,,,,
genus,Halichoeres,,,,,,
genus,Macrourus,,,,,,
genus,Taenioides,,,,,,
genus,Trimma,,,,,,
genus,Myliobatis,,,,,,
genus,Orectolobus,,,,,,
genus,Squatina,,,,,,
genus,Eubalaena,,,,,,
genus,Neophocaena,,,,,,
genus,Sotalia,,,,,,
genus,Tursiops,,,,,,
genus,Acropora,,,,,,
genus,Metridium,,,,,,
genus,Paramuricea,,,,,,
genus,Clytia,,,,,,
genus,Cordylophora,,,,,,
genus,Eugymnanthea,,,,,,
genus,Hydractinia,,,,,,
genus,Millepora,,,,,,
genus,Aurelia,,,,,,
genus,Cassiopea,,,,,,
genus,Drymonema,,,,,,
genus,Echinaster,,,,,,
genus,Leptasterias,,,,,,
genus,Cenolia,,,,,,
genus,Echinometra,,,,,,
genus,Mellita,,,,,,
genus,Holothuria,,,,,,
genus,Acrocnida,,,,,,
genus,Clarkcoma,,,,,,
genus,Ophiothrix,,,,,,
genus,Saccoglossus,,,,,,
genus,Acar,,,,,,
genus,Bathymodiolus,,,,,,
genus,Crassostrea,,,,,,
genus,Geukensia,,,,,,
genus,Lithophaga,,,,,,
genus,Meretrix,,,,,,
genus,Nautilus,,,,,,
genus,Ascorhis,,,,,,
genus,Bathytoma,,,,,,
genus,Bostrycapulus,,,,,,
genus,Cerithidea,,,,,,
genus,Chicoreus,,,,,,
genus,Crepidula,,,,,,
genus,Dendronotus,,,,,,
genus,Doto,,,,,,
genus,Flabellina,,,,,,
genus,Hydrobia,,,,,,
genus,Lunella,,,,,,
genus,Pontohedyle,,,,,,
genus,Pseudunela,,,,,,
genus,Ototyphlonemertes,,,,,,
genus,Lineus,,,,,,
genus,Clathrina,,,,,,
genus,Hexadella,,,,,,
genus,Latrunculia,,,,,,
genus,Placospongia,,,,,,
genus,Oscarella,,,,,,
